<?xml version="1.0" encoding="UTF-8"?>
<project-private xmlns="http://www.netbeans.org/ns/project-private/1">
    <editor-bookmarks xmlns="http://www.netbeans.org/ns/editor-bookmarks/2" lastBookmarkId="0"/>
    <open-files xmlns="http://www.netbeans.org/ns/projectui-open-files/2">
        <group>
            <file>file:/C:/xampp/htdocs/MCAdepartment/exportcalculationselection.php</file>
            <file>file:/C:/xampp/htdocs/MCAdepartment/FileUploadSelection.php</file>
            <file>file:/C:/xampp/htdocs/MCAdepartment/uploadrawselection.php</file>
            <file>file:/C:/xampp/htdocs/MCAdepartment/exportrawselection.php</file>
            <file>file:/C:/xampp/htdocs/MCAdepartment/exportcalculationquizpdf.php</file>
        </group>
    </open-files>
</project-private>
